	GName	coding_in_hg38	length	gcnt	A	B	C	D	escore	pvalue	qvalue	GESSpvalue	GESSqvalue
ENST00000262089.4	SSPO	TRUE	7315	49454	2750	1109	46704	26618	14.26830016	0	0	2.32E-16	9.26E-14
ENST00000400768.2	AC114730.8	FALSE	472	6718	684	3175	6034	67288	58.44774566	0	0	1.01E-28	1.19E-24
ENST00000420815.1	GATA3-AS1	FALSE	650	10236	846	3013	9390	63932	56.04962254	0	0	2.36E-28	1.84E-24
ENST00000546421.1	TMPO-AS1	FALSE	738	11036	861	2998	10175	63147	48.72211222	0	0	5.69E-25	2.22E-21
ENST00000507035.1	CTC-276P9.1	FALSE	836	10486	849	3010	9637	63685	49.71313744	0	0	9.55E-26	4.48E-22
